mean,var,count
20.357485,25.21513,30
18.918106,2.6991951,30
52.39348,60.646927,30
57.2286,61.133533,30
