,Statistic,p-value
0,941.6453267638256,6.160109150580074e-124
