,Statistic,p-value
0,772.1209739280965,9.764353841935265e-117
